threshold_MPa,p_fail
110.0,0.80255
120.0,0.7243
131.0,0.63955
