{
  "mean_input_cv": 0.10011111889434837,
  "mean_primary_output_cv": 0.06678870015838007,
  "overall_primary_CVR": 0.6671456766841762
}