{
  "mean_input_cv": 0.10011111889434837,
  "mean_primary_output_cv": 0.06581060582608658,
  "overall_primary_CVR": 0.6573755897737931
}